{
  "total_meters": 10425,
  "total_sections": 855,
  "risk_stats": {
    "min": 0.0,
    "max": 100.0,
    "mean": 10.960099318896456,
    "median": 10.946675400185264
  }
}