{
  "total_meters": 5877,
  "total_sections": 1068,
  "risk_stats": {
    "min": 0.0103447085942343,
    "max": 100.0,
    "mean": 29.58075778641057,
    "median": 31.360048523128448
  }
}